kata,terjemahan,penjelasan_arti,contoh
Abis,habis,kata sifat (ks),
Adék,adik,kata benda (kb),
Agék,"sedang, lagi",kata keterangan,
Akar,akar,kata benda (kb),
Aku,aku,kata ganti,
Along,panggilan bagi anak sulung,kata sifat (ks),
Anak,anak,kata benda (kb),
Angah,panggilan untuk anak tengah,kata benda (kb),
Angat,ragam dari hangat,kata sifat (ks),
Api,api,kata sifat (ks),
Apé,apa,kata ganti,
Awan,awan,kata benda (kb),
Aék,air,kata benda (kb),
Badan,badan,kata benda (kb),
Balom,belum,kata keterangan,
Bapak,bapak; ayah,kata benda (kb),
Barat,barat; berat,kata benda (kb); kata sifat (ks),
Barséh,bersih,kata sifat (ks),
Bassar,besar,kata sifat (ks),
Batol,betul,kata sifat (ks),
Bediri,berdiri,kata kerja (kk),
Belabik,jatuh,kata kerja (kk),
Berapé,berapa,kata ganti,
Beraran parrut,usus,kata benda (kb),
Bilé,bila; kapan,kata ganti,
Bujang,anak laki-laki,kata benda (kb),
Bungé,bunga,kata benda (kb),
Buyut,buyut,kata benda (kb),
Daan,bukan,kata keterangan,
Daan maok,enggan; tidak mau,kata keterangan,
Dakat,dekat,kata sifat (ks),
Dangan,dengan; dan,kata depan; kata hubung,
Daré,anak perempuan,kata benda (kb),
Di mané,di mana,kata ganti,
Di sinun,di situ,kata ganti,
Di sitok,di sini,kata depan,
Di sié,di sana,kata depan,
Dirék,diri,kata ganti,
Dié,dia,kata ganti,
Dudok,duduk,kata kerja (kk),
Gaikimané,bagaimana,kata ganti,
Galék,gali,kata kerja (kk),
Gamok,gemuk; gendut,kata sifat (ks),
Getok,ragam dari gétok,kata ganti,
Gigi,gigi,kata benda (kb),
Gigit,gigit,kata kerja (kk),
Gié,begitu,kata ganti,
Gusi,gusi,kata benda (kb),
Gétok,begini,kata ganti,
Idong,hidung,kata benda (kb),
Indak,tidak,kata keterangan,
Itok,ini,kata ganti,
Ié,itu,kata ganti,
Jaoh,jauh,kata sifat (ks),
Jarang,jarang,kata keterangan,
Jari manis,jari manis,kata benda (kb),
Jari tangah,jari tengah,kata sifat (ks),
Jempol,jempol,kata benda (kb),
Jenggot,janggut,kata benda (kb),
Kacik,kecil,kata sifat (ks),
Kakak,kakak (),kata benda (kb),
Kalli,mungkin; barangkali,kata keterangan,
Kanan,kanan,kata sifat (ks),
Kaning,kening,kata benda (kb),
Karing,kering,kata sifat (ks),
Karjé,kerja,kata kerja (kk),
Karné,karena,kata hubung,
Karrap,sering; selalu,kata keterangan,
Ke mané,ke mana,kata ganti,
Ke sinun,ke situ,kata depan,
Ke sitok,ke sini,kata depan,
Ke sié,ke sana,kata depan,
Kirék,kiri,kata sifat (ks),
Kitak,kalian,kata ganti,'Kitak ni memang lawa ye' (Kalian ini memang cantik ya)
Kité,kami; kita,kata ganti,
Kuros,kurus,kata sifat (ks),
Laccah,basah,kata sifat (ks),
Macam mané,bagaimana,kata ganti,
Majoh,makan,kata kerja (kk),
Maté,mata,kata benda (kb),
Meréké,mereka,kata ganti,
Minom,minum,kata benda (kb),
Mun,jika; kalau,kata hubung,
Ngapé,mengapa,kata ganti,
Parampuan,perempuan,kata benda (kb),
Parrut,perut,kata benda (kb),
Pipéh,tipis,kata sifat (ks),
Rabban,takut,kata kerja (kk),
Sajak,sejak,kata depan,
Sajjok,sejuk; dingin,kata sifat (ks),
Sampik,sempit,kata sifat (ks),
Semogé,semoga,kata keterangan,
Siapé,siapa,kata ganti,
Sinun,situ,kata ganti,
Sitok,sini,kata ganti,
Sié,sana,kata ganti,
Sodah,jangan,kata keterangan,
Sodaré,saudara,kata benda (kb),
Sorang,sendiri,kata keterangan,
Supayé,agar; supaya,kata hubung,
Tabal,tebal,kata sifat (ks),
Tadék,tadi,kata keterangan,
Tangan,tangan,kata benda (kb),
Tawak,tawa,kata benda (kb),
Telingé,telinga,kata benda (kb),
Telunjok,telunjuk,kata benda (kb),
Terabang,terbang,kata kerja (kk),
Tidok,tidur,kata kerja (kk),
Tirék,tiri,kata sifat (ks),
Tukok,pukul,kata kerja (kk),
Udah,sudah,kata keterangan,
Umak,ibu,kata benda (kb),
Usu,panggilan untuk anak bungsu,kata benda (kb),
Utan,hutan,kata benda (kb),
